,pm25,lat,long,rd_x,rd_y,location
0,8.809,52.97918784819457,4.56834180369696,100000.0,555000.0,Nederland
1,8.908999999999999,52.97948539134774,4.61300326058768,103000.0,555000.0,Nederland
2,9.107000000000001,52.97976624928092,4.657665397814229,106000.0,555000.0,"Den Hoorn, Texel, Noord-Holland, Nederland"
3,8.971,52.98003042148478,4.702328176139417,109000.0,555000.0,"Den Hoorn, Texel, Noord-Holland, Nederland"
4,8.907,52.980277907480186,4.746991556322618,112000.0,555000.0,"Den Hoorn, Texel, Noord-Holland, Nederland"
5,8.561,52.9805087068183,4.791655499119971,115000.0,555000.0,"Den Hoorn, Texel, Noord-Holland, Nederland"
6,8.373,52.980722819080526,4.836319965284599,118000.0,555000.0,"Den Helder, Noord-Holland, Nederland"
7,8.245,52.98092024387854,4.88098491556682,121000.0,555000.0,"Den Helder, Noord-Holland, Nederland"
8,8.103,52.981100980854286,4.925650310714352,124000.0,555000.0,"Den Oever, Hollands Kroon, Noord-Holland, Nederland"
9,8.019,52.981265029679925,4.970316111472523,127000.0,555000.0,"Den Oever, Hollands Kroon, Noord-Holland, Nederland"
10,8.847999999999999,52.952231361923786,4.568848232624543,100000.0,552000.0,Nederland
11,8.93,52.95252866931046,4.6134820689320835,103000.0,552000.0,Nederland
12,9.017999999999999,52.95280930469419,4.658116584154989,106000.0,552000.0,"Den Hoorn, Texel, Noord-Holland, Nederland"
13,8.97,52.95307326756653,4.702751739138019,109000.0,552000.0,"Den Helder, Noord-Holland, Nederland"
14,9.568999999999999,52.953320557449196,4.747387494722497,112000.0,552000.0,"Marsdiepstraat, Den Helder, Noord-Holland, Nederland, 1782DM, Nederland"
15,8.482000000000001,52.95355117389414,4.792023811746513,115000.0,552000.0,"Den Helder, Noord-Holland, Nederland, 1781AD, Nederland"
16,8.335,52.95376511648352,4.836660651045141,118000.0,552000.0,"Den Helder, Noord-Holland, Nederland"
17,8.229,52.95396238482968,4.8812979734506445,121000.0,552000.0,"Den Helder, Noord-Holland, Nederland"
18,8.144,52.95414297857519,4.925935739792695,124000.0,552000.0,"Den Oever, Hollands Kroon, Noord-Holland, Nederland"
19,8.116,52.954306897392826,4.970573910898569,127000.0,552000.0,"Den Oever, Hollands Kroon, Noord-Holland, Nederland"
20,8.955,52.92557173362933,4.613960198445352,103000.0,549000.0,Nederland
21,8.997,52.9258521467383,4.658567130815291,106000.0,549000.0,"Den Helder, Noord-Holland, Nederland"
22,8.869,52.92611590053749,4.703174701610227,109000.0,549000.0,"Den Helder, Noord-Holland, Nederland"
23,9.283999999999999,52.92636299454947,4.747782871753226,112000.0,549000.0,"Doggersvaart, Den Helder, Noord-Holland, Nederland, 1784PE, Nederland"
24,8.6,52.92659342832698,4.79239160216412,115000.0,549000.0,"24A, Oostoeverweg, Westoever, Den Helder, Noord-Holland, Nederland, 1786PS, Nederland"
25,8.318999999999999,52.926807201452924,4.837000853759726,118000.0,549000.0,"Den Helder, Noord-Holland, Nederland"
26,8.241,52.92700431354033,4.881610587454051,121000.0,549000.0,"Den Helder, Noord-Holland, Nederland"
27,8.232000000000001,52.92718476423239,4.926220764158506,124000.0,549000.0,"Den Oever, Hollands Kroon, Noord-Holland, Nederland"
28,8.76,52.92734855320247,4.9708313447821135,127000.0,549000.0,"2, Broekerlaan, Hippolytushoef, Hollands Kroon, Noord-Holland, Nederland, 1777NH, Nederland"
29,8.937999999999999,52.89831775053043,4.5698589380404515,100000.0,546000.0,Nederland
30,8.974,52.898614587256596,4.614437650541314,103000.0,546000.0,Nederland
31,8.982000000000001,52.89889477836496,4.659017039127396,106000.0,546000.0,"Den Helder, Noord-Holland, Nederland"
32,8.881,52.89915832334887,4.7035970648067345,109000.0,546000.0,"Den Helder, Noord-Holland, Nederland"
33,9.46,52.89940522173175,4.7481776885839295,112000.0,546000.0,"85B, Van Foreestweg, Julianadorp, Den Helder, Noord-Holland, Nederland, 1787BG, Nederland"
34,9.038,52.89963547306713,4.79275887146035,115000.0,546000.0,"85, Schorweg, Breezand, Hollands Kroon, Noord-Holland, Nederland, 1764MD, Nederland"
35,8.812000000000001,52.899849076938644,4.837340574434347,118000.0,546000.0,"Balgzanddijk, Den Helder, Noord-Holland, Nederland, 1761JW, Nederland"
36,8.305,52.90004603296001,4.881922758501464,121000.0,546000.0,"Den Oever, Hollands Kroon, Noord-Holland, Nederland"
37,9.01,52.90022634077507,4.926505384654645,124000.0,546000.0,"Normerdijk, Westerland, Hollands Kroon, Noord-Holland, Nederland, 1778JT, Nederland"
38,8.66,52.90039000005775,4.971088413884449,127000.0,546000.0,"Hippolytushoeverkruisweg, Hippolytushoef, Hollands Kroon, Noord-Holland, Nederland, 1777JG, Nederland"
39,8.982999999999999,52.87136063131349,4.570363217515766,100000.0,543000.0,Nederland
40,9.0,52.871657233144504,4.614914426630203,103000.0,543000.0,Nederland
41,8.987,52.87193720252589,4.659466310420178,106000.0,543000.0,Nederland
42,9.163,52.87220053895189,4.704018829975056,109000.0,543000.0,"Callantsoog, Schagen, Noord-Holland, Nederland"
43,9.102,52.87244724194678,4.748571946380764,112000.0,543000.0,"10, Langevliet, Callantsoog, Schagen, Noord-Holland, Nederland, 1759LE, Nederland"
44,9.017000000000001,52.87267731106489,4.793125620720001,115000.0,543000.0,"431a, Molenvaart, Breezand, Hollands Kroon, Noord-Holland, Nederland, 1764AS, Nederland"
45,8.731,52.87289074589058,4.837679814072442,118000.0,543000.0,"Caloriepad, Anna Paulowna, Hollands Kroon, Noord-Holland, Nederland, 1764KE, Nederland"
46,8.657,52.87308754603827,4.88223448751496,121000.0,543000.0,"19a, Zwinweg, Anna Paulowna, Hollands Kroon, Noord-Holland, Nederland, 1761JK, Nederland"
47,8.762,52.873267711152415,4.926789602121829,124000.0,543000.0,"Slootdorp, Hollands Kroon, Noord-Holland, Nederland"
48,8.667,52.87343124090753,4.971345118964933,127000.0,543000.0,"27, Schelpenbolweg, Slootdorp, Hollands Kroon, Noord-Holland, Nederland, 1774NG, Nederland"
49,9.035,52.844403307020116,4.570866783487644,100000.0,540000.0,Nederland
50,9.033999999999999,52.84469967424529,4.61539052811866,103000.0,540000.0,Nederland
51,8.884,52.84497942217279,4.659914946019125,106000.0,540000.0,"Callantsoog, Noord-Holland, Nederland, 1759, Nederland"
52,9.22,52.845242550297755,4.704439998359526,109000.0,540000.0,"Kruisweg, Callantsoog, Schagen, Noord-Holland, Nederland, 1759JZ, Nederland"
53,9.405,52.84548905814531,4.748965646306912,112000.0,540000.0,"Alliance Bloembollen, Groteweg, 't Zand, Schagen, Noord-Holland, Nederland, 1756CM, Nederland"
54,9.043,52.84571894527057,4.7934918510251,115000.0,540000.0,"Anna Paulownaweg, Anna Paulowna, Schagen, Noord-Holland, Nederland, 1761LK, Nederland"
55,9.007,52.845932211258635,4.838018573674887,118000.0,540000.0,"Kneesweg, Anna Paulowna, Hollands Kroon, Noord-Holland, Nederland, 1761JC, Nederland"
56,8.776,52.84612885572462,4.8825457754142665,121000.0,540000.0,"10, Lotweg, Anna Paulowna, Hollands Kroon, Noord-Holland, Nederland, 1761JE, Nederland"
57,8.781,52.84630887831361,4.92707341739863,124000.0,540000.0,"Kooltuinenweg, Slootdorp, Hollands Kroon, Noord-Holland, Nederland, 1774NT, Nederland"
58,8.843,52.846472278700695,4.971601460780986,127000.0,540000.0,"21, Koningin Beatrixlaan, Slootdorp, Hollands Kroon, Noord-Holland, Nederland, 1774BK, Nederland"
59,9.091000000000001,52.81744578060312,4.571369637440076,100000.0,537000.0,Nederland
60,9.073,52.81774191351121,4.615865956409727,103000.0,537000.0,Nederland
61,8.854,52.81802144025739,4.660362947246337,106000.0,537000.0,"Sint Maartenszee, Noord-Holland, Nederland, 1753, Nederland"
62,9.351,52.818284360337685,4.704860571201302,109000.0,537000.0,"May the wind be always on your back., Westerduinweg, Sint Maartensvlotbrug, Schagen, Noord-Holland, Nederland, 1751DJ, Nederland"
63,9.314,52.818530673278076,4.749358789522585,112000.0,537000.0,"8a, Korte Belkmerweg, 't Zand, Schagen, Noord-Holland, Nederland, 1756CB, Nederland"
64,9.32,52.81876037863447,4.793857563454915,115000.0,537000.0,"465, Grote Sloot, Oudesluis, Schagen, Noord-Holland, Nederland, 1757LP, Nederland"
65,9.113,52.81897347599271,4.838356854240004,118000.0,537000.0,"Walingsweg, Wieringerwaard, Hollands Kroon, Noord-Holland, Nederland, 1766GH, Nederland"
66,8.922,52.819169964968594,4.882856623116758,121000.0,537000.0,"Wieringerwaard, Hollands Kroon, Noord-Holland, Nederland, 1766GA, Nederland"
67,8.889,52.81934984520784,4.9273568313214815,124000.0,537000.0,"Zweefvliegclub Den Helder, 25, Ulkeweg, Slootdorp, Hollands Kroon, Noord-Holland, Nederland, 1774NV, Nederland"
68,8.925,52.81951311638611,4.971857440088095,127000.0,537000.0,"8, Molenweg, Slootdorp, Hollands Kroon, Noord-Holland, Nederland, 1775NX, Nederland"
69,9.152000000000001,52.79048805501531,4.5718717808532485,100000.0,534000.0,Nederland
70,8.986,52.790783953894504,4.616340712902858,103000.0,534000.0,Nederland
71,9.46,52.79106325973139,4.660810315420526,106000.0,534000.0,"Petten, Schagen, Noord-Holland, Nederland"
72,9.679,52.7913259720229,4.705280549738357,109000.0,534000.0,"Belkmerweg, Sint Maartensvlotbrug, Schagen, Noord-Holland, Nederland, 1753GG, Nederland"
73,9.593,52.79157209029584,4.749751377185018,112000.0,534000.0,"Nieuwedijk, Schagen, Noord-Holland, Nederland, 1742ND, Nederland"
74,9.901,52.791801614106916,4.794222759085946,115000.0,534000.0,"65, A. Mauvestraat, Schagen, Noord-Holland, Nederland, 1741JE, Nederland"
75,9.46,52.792014543042725,4.838694656763555,118000.0,534000.0,"Gouwweg, Barsingerhorn, Hollands Kroon, Noord-Holland, Nederland, 1768BW, Nederland"
76,9.307,52.79221087671973,4.883167031537459,121000.0,534000.0,"IJsbaan, Meekrapstraat, Kolhorn, Hollands Kroon, Noord-Holland, Nederland, 1767CM, Nederland"
77,9.03,52.792390614784296,4.927639844724669,124000.0,534000.0,"Kolhornerweg, Middenmeer, Hollands Kroon, Noord-Holland, Nederland, 1732NR, Nederland"
78,9.067,52.79255375691267,4.97211305763981,127000.0,534000.0,"12, Alkmaarseweg, Middenmeer, Hollands Kroon, Noord-Holland, Nederland, 1775PP, Nederland"
79,9.066,52.763825798347426,4.616814798993909,103000.0,531000.0,Nederland
80,9.644,52.764104883546516,4.661257051857021,106000.0,531000.0,"5, Sportweg, Petten, Schagen, Noord-Holland, Nederland, 1755LX, Nederland"
81,9.755,52.76436738830459,4.70569993520549,109000.0,531000.0,"137, Grote Sloot, Burgerbrug, Schagen, Noord-Holland, Nederland, 1754JD, Nederland"
82,9.516,52.76461331214932,4.750143410448481,112000.0,531000.0,"Groenedijk, Sint Maarten, Schagen, Noord-Holland, Nederland, 1744KM, Nederland"
83,9.596,52.7648426546382,4.794587438991928,115000.0,531000.0,"Provincialeweg, Dirkshorn, Schagen, Noord-Holland, Nederland, 1746EH, Nederland"
84,9.558,52.76505541535855,4.8390319822387475,118000.0,531000.0,"Hogebierenweg, Haringhuizen, Hollands Kroon, Noord-Holland, Nederland, 1769HD, Nederland"
85,9.365,52.765251593927545,4.883477001589047,121000.0,531000.0,"26a, Mientweg, Lutjewinkel, Hollands Kroon, Noord-Holland, Nederland, 1732LE, Nederland"
86,9.229,52.765431189992164,4.927922458440339,124000.0,531000.0,"35, Groetpolderweg, Winkel, Hollands Kroon, Noord-Holland, Nederland, 1731NM, Nederland"
87,9.152000000000001,52.76559420322923,4.972368314187745,127000.0,531000.0,"Oudelanderweg, Middenmeer, Hollands Kroon, Noord-Holland, Nederland, 1775RE, Nederland"
88,9.135,52.736867449822206,4.617288216075143,103000.0,528000.0,"Camperduin, Noord-Holland, Nederland, 1871GM, Nederland"
89,9.692,52.73714631465447,4.661703157867761,106000.0,528000.0,"Coggelaan, Schoorl, Bergen (NH), Noord-Holland, Nederland, 1871PM, Nederland"
90,9.767000000000001,52.73740861213399,4.7061187288343165,109000.0,528000.0,"Westfriese Zeedijk, Sint Maarten, Schagen, Noord-Holland, Nederland, 1754KA, Nederland"
91,9.911,52.73765434178929,4.750534890464266,112000.0,528000.0,"25, Manusveert, Tuitjenhorn, Schagen, Noord-Holland, Nederland, 1747JB, Nederland"
92,9.629,52.73788350317864,4.794951604243834,115000.0,528000.0,"Zutweg, Dirkshorn, Schagen, Noord-Holland, Nederland, 1746CC, Nederland"
93,9.699,52.73809609589012,4.839368831656228,118000.0,528000.0,"5, Havenstraat, Zijdewind, Hollands Kroon, Noord-Holland, Nederland, 1736KC, Nederland"
94,9.601,52.738292119541576,4.883786534181847,121000.0,528000.0,"Kanaalweg, Nieuwe Niedorp, Hollands Kroon, Noord-Holland, Nederland, 1733GJ, Nederland"
95,9.488,52.73847157378062,4.928204673298493,124000.0,528000.0,"10, Langereis, Winkel, Hollands Kroon, Noord-Holland, Nederland, 1731MD, Nederland"
96,9.506,52.73863445828467,4.972623210481581,127000.0,528000.0,"Blôte Bienepad, Aartswoud, Opmeer, Noord-Holland, Nederland, 1719LH, Nederland"
97,9.061,52.70990891127111,4.6177609655352265,103000.0,525000.0,"Camperduin, Noord-Holland, Nederland, 1871GM, Nederland"
98,9.003,52.71018755600697,4.662148634761298,106000.0,525000.0,"Baaknolweg, Schoorl, Bergen (NH), Noord-Holland, Nederland, 1871GZ, Nederland"
99,9.926,52.71044964646231,4.7065369318532735,109000.0,525000.0,"Oudendijk, Schoorl, Bergen (NH), Noord-Holland, Nederland, 1871TC, Nederland"
100,9.852,52.71069518216647,4.750925818380694,112000.0,525000.0,"Rekerkoogweg, Warmenhuizen, Schagen, Noord-Holland, Nederland, 1749CJ, Nederland"
101,10.01,52.71092416267854,4.79531525590987,115000.0,525000.0,"Hopmansweg, Oudkarspel, Langedijk, Noord-Holland, Nederland, 1724PL, Nederland"
102,9.891,52.71113658758732,4.839705206004088,118000.0,525000.0,"2, Schoutenbosweg, Buitengebied Noord, Heerhugowaard, Noord-Holland, Nederland, 1704PM, Nederland"
103,9.738999999999999,52.71133245651134,4.884095630223834,121000.0,525000.0,"19, Zuiderweg, Oude Niedorp, Hollands Kroon, Noord-Holland, Nederland, 1734NB, Nederland"
104,9.847000000000001,52.71151176909887,4.928486490126993,124000.0,525000.0,"20f, Westerboekelweg, Bedrijventerrein Hoogwoud, Hoogwoud, Opmeer, Noord-Holland, Nederland, 1718MK, Nederland"
105,9.564,52.711674525027874,4.972877747269062,127000.0,525000.0,"Opmeerderweg, Opmeer, Noord-Holland, Nederland, 1716KE, Nederland"
106,9.115,52.68295018564636,4.618233048759236,103000.0,522000.0,"Schoorl, Bergen (NH), Noord-Holland, Nederland"
107,9.113999999999999,52.68322861055574,4.662593483842798,106000.0,522000.0,"'t Groote Ganzenveld, Wilhelminalaan, Schoorl, Bergen (NH), Noord-Holland, Nederland, 1871PB, Nederland"
108,9.825,52.68349049424076,4.70695454548762,109000.0,522000.0,"Zuidlaan, Bergen (NH), Noord-Holland, Nederland, 1862AP, Nederland"
109,9.894,52.68373583623162,4.751316195343118,112000.0,522000.0,"Groetpad, Koedijk, Langedijk, Noord-Holland, Nederland, 1831EP, Nederland"
110,10.21,52.683964636088206,4.795678395055476,115000.0,522000.0,"Amelsgroet, Zuid-Scharwoude, Langedijk, Noord-Holland, Nederland, 1722KW, Nederland"
111,10.27,52.68417689340005,4.840041106267861,118000.0,522000.0,"Kamerlingh Onnesweg, Bedrijventerrein, Heerhugowaard, Noord-Holland, Nederland, 1704RK, Nederland"
112,9.982999999999999,52.68437260778638,4.884404290620633,121000.0,522000.0,"12, Berkmeerdijk, Buitengebied Noord, Obdam, Heerhugowaard, Noord-Holland, Nederland, 1713KW, Nederland"
113,9.73,52.684551778896086,4.928767909751555,124000.0,522000.0,"10, Kaag, Spanbroek, Opmeer, Noord-Holland, Nederland, 1715KR, Nederland"
114,9.696,52.684714406407714,4.973131925295998,127000.0,522000.0,"'t War, Spanbroek, Opmeer, Noord-Holland, Nederland, 1715GX, Nederland"
115,9.411,52.65599127590022,4.618704467128649,103000.0,519000.0,"Bergen aan Zee, Bergen (NH), Noord-Holland, Nederland"
116,10.0,52.65626948125248,4.663037706414041,106000.0,519000.0,"Voert, Bergen-Binnen, Bergen (NH), Noord-Holland, Nederland, 1861PE, Nederland"
117,10.04,52.65653115842055,4.707371570959434,109000.0,519000.0,"18, Nesdijk, Bergen-Binnen, Bergen (NH), Noord-Holland, Nederland, 1861MK, Nederland"
118,10.97,52.656776306935484,4.751706022493912,112000.0,519000.0,"13, Zeepziederstraat, Alkmaar, Noord-Holland, Nederland, 1825GK, Nederland"
119,10.39,52.65700492635794,4.7960410227433306,115000.0,519000.0,"Outside Living Industries, 87, Berenkoog, Beverkoog, Alkmaar, Noord-Holland, Nederland, 1822BN, Nederland"
120,9.995,52.657217016278224,4.840376533430524,118000.0,519000.0,"Oostertocht, Heerhugowaard, Noord-Holland, Nederland"
121,9.924,52.65741257631622,4.884712516275521,121000.0,519000.0,"8, Van Duivenvoordestraat, Hensbroek, Koggenland, Noord-Holland, Nederland, 1711KE, Nederland"
122,9.917,52.65759160612146,4.9290489329957525,124000.0,519000.0,"Golfbaan Spierdijk, 86a, Wogmeer, Spierdijk, Koggenland, Noord-Holland, Nederland, 1643NH, Nederland"
123,9.84,52.65775410537307,4.9733857453062615,127000.0,519000.0,"19, Zuidermeerweg, Zuidermeer, Koggenland, Noord-Holland, Nederland, 1652CS, Nederland"
124,10.34,52.62903218498492,4.619175222021353,103000.0,516000.0,"1, Panoramapad, Egmond aan Zee, Bergen (NH), Noord-Holland, Nederland, 1931AZ, Nederland"
125,10.22,52.62931017104891,4.663481303773418,106000.0,516000.0,"8-094, Driehuizerweg, Egmond aan den Hoef, Bergen (NH), Noord-Holland, Nederland, 1934PR, Nederland"
126,10.57,52.6295716419529,4.707788009487613,109000.0,516000.0,"10, Egmondermeer, Egmond aan den Hoef, Bergen (NH), Noord-Holland, Nederland, 1934PN, Nederland"
127,10.85,52.6298165972288,4.752095300972484,112000.0,516000.0,"Sint-Laurentiuskerk, 68, Verdronkenoord-, Alkmaar, Noord-Holland, Nederland, 1811BG, Nederland"
128,10.15,52.63004503643807,4.796403140033346,115000.0,516000.0,"4C, Slingerdijk, Oterleek, Alkmaar, Noord-Holland, Nederland, 1842ED, Nederland"
129,9.976,52.63025695917174,4.840711488472495,118000.0,516000.0,"5C, Noordschermerdijk, Oterleek, Alkmaar, Noord-Holland, Nederland, 1842EL, Nederland"
130,10.11,52.63045236505039,4.885020308089422,121000.0,516000.0,"Schermerdijk, Ursem, Alkmaar, Noord-Holland, Nederland, 1645RE, Nederland"
131,10.07,52.63063125372417,4.92932956068102,124000.0,516000.0,"53, De Leet, De Goorn, Koggenland, Noord-Holland, Nederland, 1648VN, Nederland"
132,10.01,52.630793624872815,4.973639208041792,127000.0,516000.0,"Berkhout, Koggenland, Noord-Holland, Nederland"
133,9.722999999999999,52.60207291585272,4.619645314811638,103000.0,513000.0,"Vlewosche Weg, Egmond-Binnen, Bergen (NH), Noord-Holland, Nederland, 1931WE, Nederland"
134,10.37,52.602350682896734,4.663924277215936,106000.0,513000.0,"Hogedijk, Egmond aan den Hoef, Bergen (NH), Noord-Holland, Nederland, 1935BR, Nederland"
135,10.56,52.60261194778902,4.708203862287879,109000.0,513000.0,"Kinderboerderij Beestenboetje, 1A, Ter Coulster, Heiloo, Noord-Holland, Nederland, 1851KA, Nederland"
136,10.22,52.60285671006232,4.752484031915266,112000.0,513000.0,"26A, Diamantweg, Alkmaar, Noord-Holland, Nederland, 1812RC, Nederland"
137,10.25,52.60308496927889,4.796764747982667,115000.0,513000.0,"16A, Laanweg, Driehuizen, Alkmaar, Noord-Holland, Nederland, 1847LM, Nederland"
138,10.24,52.60329672503049,4.841045972371634,118000.0,513000.0,"38, Noordervaart, Stompetoren, Alkmaar, Noord-Holland, Nederland, 1841HA, Nederland"
139,10.26,52.60349197693841,4.885327666960912,121000.0,513000.0,"10, Westmijzerdijk, Schermerhorn, Alkmaar, Noord-Holland, Nederland, 1636WE, Nederland"
140,9.995,52.60367072465342,4.929609793626644,124000.0,513000.0,"Mijzerweg, Noordbeemster, Beemster, Noord-Holland, Nederland, 1463PG, Nederland"
141,10.12,52.60383296785582,4.973892314242592,127000.0,513000.0,"Buutschooterpad, Oudendijk, Koggenland, Noord-Holland, Nederland, 1631DG, Nederland"
142,9.7,52.575113471455865,4.620114746870202,103000.0,510000.0,"BA-6, Van Oldenborghweg, Egmond-Binnen, Castricum, Noord-Holland, Nederland, 1935MZ, Nederland"
143,10.55,52.575391019747684,4.664366628033212,106000.0,510000.0,"Madeweg, Castricum, Noord-Holland, Nederland, 1901MK, Nederland"
144,10.94,52.575652078880125,4.708619130572769,109000.0,510000.0,"Vijverlaan, Dusseldorp, Limmen, Castricum, Noord-Holland, Nederland, 1906, Nederland"
145,10.47,52.57589664838679,4.752872216455719,112000.0,510000.0,"31A, Westdijk, Zuidschermer, Alkmaar, Noord-Holland, Nederland, 1847LH, Nederland"
146,10.34,52.57612472783071,4.797125847645678,115000.0,510000.0,"Oostdijk, Driehuizen, Alkmaar, Noord-Holland, Nederland, 1844, Nederland"
147,10.29,52.576336316804394,4.841379986103247,118000.0,510000.0,"3, Meerdijk, Grootschermer, Alkmaar, Noord-Holland, Nederland, 1843KB, Nederland"
148,10.3,52.57653141492981,4.885634593786214,121000.0,510000.0,"Wormerweg, Westbeemster, Beemster, Noord-Holland, Nederland, 1464NA, Nederland"
149,10.18,52.576710021858375,4.929889632649773,124000.0,510000.0,"57, Middenweg, Noordbeemster, Beemster, Noord-Holland, Nederland, 1462HD, Nederland"
150,10.24,52.57687213727097,4.97414506464673,127000.0,510000.0,"Havermeerweg, Noordbeemster, Beemster, Noord-Holland, Nederland, 1463PZ, Nederland"
151,10.0,52.5478600492518,4.576359339654527,100000.0,507000.0,Nederland
152,9.954,52.548153854746595,4.620583519564148,103000.0,507000.0,"Van Oldenborghweg, Castricum, Noord-Holland, Nederland, 1901 NX, Nederland"
153,11.1,52.54843118455346,4.664808357513478,106000.0,507000.0,"Prinses Bernhard, Castricum, Noord-Holland, Nederland, 1901DS, Nederland"
154,11.26,52.54869203817743,4.709033815551645,109000.0,507000.0,"Startingerweg, Limmen, Castricum, Noord-Holland, Nederland, 1911NM, Nederland"
155,10.56,52.548936415152944,4.753259855724332,112000.0,507000.0,"Alkmaardermeer, Zuiddijk, Zuidschermer, Alkmaar, Noord-Holland, Nederland, 1846LB, Nederland"
156,10.62,52.54916431504383,4.797486440073998,115000.0,507000.0,"2, Graftdijkerweg, Starnmeer, Alkmaar, Noord-Holland, Nederland, 1488AE, Nederland"
157,10.54,52.54937573744335,4.841713530640078,118000.0,507000.0,"26, G.G. Schipperstraat, De Rijp, Alkmaar, Noord-Holland, Nederland, 1483GE, Nederland"
158,10.36,52.54957068197413,4.885941089459204,121000.0,507000.0,"Hoop en Vlijt, Jisperweg, Westbeemster, Beemster, Noord-Holland, Nederland, 1464NL, Nederland"
159,10.4,52.54974914828824,4.930169078565409,124000.0,507000.0,"19, Odessa, Middenbeemster, Beemster, Noord-Holland, Nederland, 1462EL, Nederland"
160,10.27,52.54991113606713,4.974397459990336,127000.0,507000.0,"Oostdijk, Zuidoostbeemster, Beemster, Noord-Holland, Nederland, 1477EH, Nederland"
161,10.3,52.52090049436033,4.576854458249141,100000.0,504000.0,"Wijk aan Zee, Noord-Holland, Nederland, 1949, Nederland"
162,10.33,52.521194068677154,4.621051634256983,103000.0,504000.0,"Kaagweg, Heemskerk, Noord-Holland, Nederland, 1969MR, Nederland"
163,11.42,52.521471180265785,4.66524946694158,106000.0,504000.0,"36, Marquettelaan, Rendorppark, Heemskerk, Noord-Holland, Nederland, 1968JT, Nederland"
164,11.58,52.52173182863215,4.709447918430686,109000.0,504000.0,"62c, Westergeest, Uitgeest, Noord-Holland, Nederland, 1911AL, Nederland"
165,11.26,52.52197601331154,4.753646950848623,112000.0,504000.0,"Crommenije, Lagendijk, Uitgeest, Noord-Holland, Nederland, 1562GT, Nederland"
166,10.86,52.52220373386857,4.7978465263164765,115000.0,504000.0,"98, Dorpsstraat, Oostknollendam, Wormerland, Noord-Holland, Nederland, 1534NN, Nederland"
167,10.58,52.52241498989725,4.842046606952317,118000.0,504000.0,"23, Kanaaldijk, Spijkerboor, Wormerland, Noord-Holland, Nederland, 1458PR, Nederland"
168,10.55,52.5226097810209,4.886247154871407,121000.0,504000.0,"9, Zuiddijk, Zuidoostbeemster, Beemster, Noord-Holland, Nederland, 1461EB, Nederland"
169,11.08,52.52278810689219,4.930448132186413,124000.0,504000.0,"Noorderpad, Zuidoostbeemster, Beemster, Noord-Holland, Nederland, 1461BM, Nederland"
170,10.27,52.522949967193185,4.97464950100761,127000.0,504000.0,"46, Stellingmolen, Purmerend, Noord-Holland, Nederland, 1444GW, Nederland"
171,12.55,52.49394077277894,4.5773488823356665,100000.0,501000.0,"Wijk aan Zee, Beverwijk, Noord-Holland, Nederland"
172,11.19,52.494234116199785,4.621519092308624,103000.0,501000.0,"Beekweg, Tata Steel, Wijk aan Zee, Beverwijk, Noord-Holland, Nederland, 1943AD, Nederland"
173,11.66,52.49451100983636,4.665689957598973,106000.0,501000.0,"57, Thorbeckelaan, Sint Aagtendorp, Beverwijk, Noord-Holland, Nederland, 1945SZ, Nederland"
174,11.07,52.49477145319549,4.709861440412896,109000.0,501000.0,"Heemskerkse Golfclub, Groenedijk, Assendelft, Zaanstad, Noord-Holland, Nederland, 1566NV, Nederland"
175,11.78,52.49501544581331,4.754033502953134,112000.0,501000.0,"2, Jan Brassertunnel, Krommenie, Zaanstad, Noord-Holland, Nederland, 1567LZ, Nederland"
176,11.8,52.49524298725524,4.798206107419203,115000.0,501000.0,"28, Bruynvisweg, Wormer, Wormerland, Noord-Holland, Nederland, 1531AZ, Nederland"
177,10.86,52.49545407711601,4.842379216007595,118000.0,501000.0,"De Koker, 14, Oosteinde, Wormer, Wormerland, Noord-Holland, Nederland, 1531KD, Nederland"
178,11.14,52.49564871501963,4.886552790911999,121000.0,501000.0,"Noorderweg, Wijdewormer, Wormerland, Noord-Holland, Nederland, 1456NL, Nederland"
179,11.13,52.49582690061942,4.930726794323504,124000.0,501000.0,"39, Incastraat, Purmerend, Noord-Holland, Nederland, 1448XS, Nederland"
180,10.42,52.495988633598,4.974901188430811,127000.0,501000.0,"91, Lauwersmeer, Purmerend, Noord-Holland, Nederland, 1447LB, Nederland"
181,11.75,52.466980887460444,4.577842613348672,100000.0,498000.0,"Noorderbuiten Kanaal, Ertskade, Tata Steel, Velsen-Noord, Velsen, Noord-Holland, Nederland, 1975, Nederland"
182,11.7,52.46727400026674,4.621985895075389,103000.0,498000.0,"1e Rijksbinnenhaven, IJmuiden, Velsen, Noord-Holland, Nederland, 1951JZ, Nederland"
183,11.49,52.46755067621691,4.66612983076373,106000.0,498000.0,"Velserkade, Noordwijkermeer, Velsen-Noord, Velsen, Noord-Holland, Nederland, 1951NK, Nederland"
184,11.08,52.46781091481867,4.710274382698093,109000.0,498000.0,"Genieweg, Assendelft, Zaanstad, Noord-Holland, Nederland, 1566NN, Nederland"
185,11.36,52.46805471560901,4.75441951315944,112000.0,498000.0,"Veenpolderdijk, Assendelft, Zaanstad, Noord-Holland, Nederland, 1566PK, Nederland"
186,11.9,52.46828207815414,4.798565184425501,115000.0,498000.0,"Tennisvereniging Westzijderveld, Wezelstraat, Koog aan de Zaan, Zaanstad, Noord-Holland, Nederland, 1541LZ, Nederland"
187,11.37,52.46849300204952,4.842711358770987,118000.0,498000.0,"1, Nieuwe Meer, Zaandam, Zaanstad, Noord-Holland, Nederland, 1509JJ, Nederland"
188,10.68,52.46868748691986,4.8868579984678036,121000.0,498000.0,"117a, De Haal, Oostzaan, Noord-Holland, Nederland, 1511AP, Nederland"
189,10.61,52.468865532419116,4.931005065785257,124000.0,498000.0,"21B, Kanaalweg, Landsmeer, Noord-Holland, Nederland, 1121DP, Nederland"
190,10.58,52.46902713823047,4.975152522990268,127000.0,498000.0,"Hofweg, Ilpendam, Waterland, Noord-Holland, Nederland, 1452AE, Nederland"
191,10.4,52.44002084135765,4.578335652718926,100000.0,495000.0,"Midden Herenduinen, Koningsweg, IJmuiden, Velsen, Noord-Holland, Nederland, 1974VW, Nederland"
192,11.24,52.44031372383027,4.622452043910005,103000.0,495000.0,"VF LAG, Stroperspad, Santpoort-Noord, Velsen, Noord-Holland, Nederland, 2071LE, Nederland"
193,11.65,52.440590182359145,4.666569087710534,106000.0,495000.0,"A22, Velsen-Zuid, Velsen, Noord-Holland, Nederland, 1991AH, Nederland"
194,11.1,52.44085021645291,4.7106867464829225,109000.0,495000.0,"Noorder Y en Zeedijk, Assendelft, Zaanstad, Noord-Holland, Nederland, 1566AK, Nederland"
195,11.13,52.44109382564938,4.75480498258614,112000.0,495000.0,"3, Nauernasche Vaartdijk, Westzaan, Zaanstad, Noord-Holland, Nederland, 1551PR, Nederland"
196,11.71,52.441321009515576,4.798923758375928,115000.0,495000.0,"Westerwindpad, Zaandam, Zaanstad, Noord-Holland, Nederland, 1507WT, Nederland"
197,11.98,52.441531767647696,4.8430430362050085,118000.0,495000.0,"Twiskeweg, Zaandam, Zaanstad, Noord-Holland, Nederland, 1503AH, Nederland"
198,10.97,52.44172609967113,4.887162778423295,121000.0,495000.0,"De Zuiderlaaik, Oostzaan, Noord-Holland, Nederland, 1511GW, Nederland"
199,10.81,52.44190400524046,4.931282947378105,124000.0,495000.0,"Ilperveld, Dorre Ilp, Landsmeer, Noord-Holland, Nederland, 1127PW, Nederland"
200,10.73,52.44206548403945,4.975403505414369,127000.0,495000.0,"Noordmeer, Broek in Waterland, Waterland, Noord-Holland, Nederland, 1151CW, Nederland"
201,10.12,52.413060637423364,4.5788280018733944,100000.0,492000.0,"KD-30, Stroweg, Overveen, Bloemendaal, Noord-Holland, Nederland, 2051EA, Nederland"
202,11.67,52.413353289842604,4.622917540161604,103000.0,492000.0,"Euphrasia, Dennenweg, Veen en Duin, Bloemendaal, Noord-Holland, Nederland, 2061HS, Nederland"
203,11.14,52.41362953121478,4.667007729710683,106000.0,492000.0,"Hekslootpolder - Vogelkijkhut, Spaarndamseweg, Spaarndam-West, Spaarndam gem. Haarlem, Haarlem, Noord-Holland, Nederland, 2063, Nederland"
204,11.1,52.41388936104941,4.711098532960845,109000.0,492000.0,"Ringweg, Spaarndam-Oost, Spaarndam, Haarlemmermeer, Noord-Holland, Nederland, 2064, Nederland"
205,10.8,52.41413277888517,4.755189912348862,112000.0,492000.0,"Ruijgoordweg, Westpoort, Amsterdam, Noord-Holland, Nederland, 1047BD, Nederland"
206,11.17,52.414359784289864,4.799281830308279,115000.0,492000.0,"Hornweg, Westpoort, Amsterdam, Noord-Holland, Nederland, 1044AK, Nederland"
207,11.56,52.41457037686043,4.843374249269618,118000.0,492000.0,"Benzolweg, Hemhavens, Westpoort, Amsterdam, Noord-Holland, Nederland, 1041AK, Nederland"
208,12.07,52.41476455622295,4.887467131660599,121000.0,492000.0,"179, Kometensingel, Oostzanerwerf, Amsterdam, Noord-Holland, Nederland, 1033BE, Nederland"
209,11.64,52.41494232203263,4.931560439906338,124000.0,492000.0,"Dorspad, Landsmeer, Noord-Holland, Nederland, 1034NW, Nederland"
210,10.73,52.41510367397383,4.975654136429571,127000.0,492000.0,"Broekergouw, Amsterdam, Noord-Holland, Nederland, 1027AH, Nederland"
211,10.44,52.38610027861039,4.579319662235243,100000.0,489000.0,"Meertje van Burdet, Visscherspad, Overveen, Bloemendaal, Noord-Holland, Nederland, 2042DA, Nederland"
212,12.71,52.386392701256,4.623382385175722,103000.0,489000.0,"2D-0031, Garenkokerskade, Haarlem, Noord-Holland, Nederland, 2013AM, Nederland"
213,11.79,52.386668725735525,4.667445758032087,106000.0,489000.0,"Busweg, Waarder-en Veerpolder, Haarlem, Noord-Holland, Nederland, 2031DA, Nederland"
214,11.31,52.38692835155939,4.711509743322145,109000.0,489000.0,"Vinkebrug, Halfweg, Haarlemmermeer, Noord-Holland, Nederland, 1165ML, Nederland"
215,11.56,52.38717157826712,4.755574303560263,112000.0,489000.0,"99, Wethouder Rijkeboerweg, Halfweg, Haarlemmermeer, Noord-Holland, Nederland, 1165NK, Nederland"
216,12.08,52.387398405427305,4.799639401257581,115000.0,489000.0,"Australiëhavenweg, Amsterdam, Noord-Holland, Nederland, 1046CH, Nederland"
217,13.56,52.38760883263763,4.8437049989222185,118000.0,489000.0,"Ringweg-West, Sloterdijk, Amsterdam, Noord-Holland, Nederland, 1043GN, Nederland"
218,13.18,52.387802859524854,4.887771059059488,121000.0,489000.0,"78, Vierwindenstraat, Centrum, Amsterdam, Noord-Holland, Nederland, 1013LA, Nederland"
219,11.53,52.38798048574483,4.931837544172104,124000.0,489000.0,"G.T. Ketjenweg, Nieuwendammerham, Amsterdam, Noord-Holland, Nederland, 1022 AG, Nederland"
220,10.98,52.38814171098249,4.975904416760394,127000.0,489000.0,"Weerslootpad, Amsterdam, Noord-Holland, Nederland, 1027EE, Nederland"
221,10.83,52.359139767871554,4.579810635223832,100000.0,486000.0,"7, Naaldenveldweg, Aerdenhout, Bloemendaal, Noord-Holland, Nederland, 2111GE, Nederland"
222,11.6,52.3594319610227,4.623846580294304,103000.0,486000.0,"66, Bronsteeweg, Heemstede, Noord-Holland, Nederland, 2101AE, Nederland"
223,11.44,52.35970776887309,4.667883173939269,106000.0,486000.0,"3, Heinrich Böllstraat, Haarlem, Noord-Holland, Nederland, 2037MB, Nederland"
224,11.38,52.359967190934064,4.711920378753925,109000.0,486000.0,"Polderbaanpad, Vijfhuizen, Haarlemmermeer, Noord-Holland, Nederland, 2141BP, Nederland"
225,11.33,52.36021022674598,4.755958157330026,112000.0,486000.0,"Lascarpad, Amsterdam, Noord-Holland, Nederland, 1175KK, Nederland"
226,12.46,52.36043687587821,4.7999964722561,115000.0,486000.0,"49, Blomwijckerpad, Osdorp, Amsterdam, Noord-Holland, Nederland, 1068DZ, Nederland"
227,13.79,52.36064713792919,4.844035286117654,118000.0,486000.0,"35, Nachtwachtlaan, Bluebanddorp, Amsterdam, Noord-Holland, Nederland, 1058EB, Nederland"
228,14.4,52.36084101252638,4.888074561497389,121000.0,486000.0,"Navads B.V., 109, Weteringschans, Nieuwe Pijp, Amsterdam, Noord-Holland, Nederland, 1017SB, Nederland"
229,12.92,52.361018499326235,4.932114260975406,124000.0,486000.0,"Broodje Bonjour, Wijttenbachstraat, Amsterdam, Noord-Holland, Nederland, 1094ES, Nederland"
230,11.5,52.36117959801429,4.976154347129423,127000.0,486000.0,"103, Jan Olphert Vaillantlaan, IJburg, Amsterdam, Noord-Holland, Nederland, 1086XZ, Nederland"
231,11.07,52.33217910815965,4.580300922254724,100000.0,483000.0,"Manpadslaan, Vogelenzang, Bloemendaal, Noord-Holland, Nederland, 2114BD, Nederland"
232,11.03,52.332471072094954,4.624310126855697,103000.0,483000.0,"216, Bennebroekerdijk, Cruquius, Haarlemmermeer, Noord-Holland, Nederland, 2142LD, Nederland"
233,11.05,52.33274666357921,4.668319978693367,106000.0,483000.0,"Big Spotters Hill, Drie Merenweg, Cruquius, Haarlemmermeer, Noord-Holland, Nederland, 2131 LZ, Nederland"
234,11.29,52.33300588212465,4.71233044044011,109000.0,483000.0,"Vijfhuizerweg, Schiphol, Haarlemmermeer, Noord-Holland, Nederland, 2131LN, Nederland"
235,11.75,52.33324872727248,4.756341474764863,112000.0,483000.0,"Tweeduizend El, Lijnden, Haarlemmermeer, Noord-Holland, Nederland, 1171VK, Nederland"
236,11.88,52.333475198592886,4.800353044333334,115000.0,483000.0,"160, Meidoornweg, Nieuwe Meer, Badhoevedorp, Haarlemmermeer, Noord-Holland, Nederland, 1171KD, Nederland"
237,11.91,52.33368529568503,4.8443651118082105,118000.0,483000.0,"Jaagpad, Amsterdam, Noord-Holland, Nederland, 1066BS, Nederland"
238,12.2,52.33387901817704,4.888377639849374,121000.0,483000.0,"Novotel, 10, Europaboulevard, Nieuwe Pijp, Amsterdam, Noord-Holland, Nederland, 1083AD;1083 AD, Nederland"
239,12.36,52.33405636572604,4.932390591114107,124000.0,483000.0,"De Slinger, Amsterdam-Duivendrecht, Ouder-Amstel, Noord-Holland, Nederland, 1115TX, Nederland"
240,11.47,52.33421733801811,4.976403928257307,127000.0,483000.0,"436, Mariënburg, Plantage De Sniep, Diemen, Noord-Holland, Nederland, 1112WM, Nederland"
